ファイル名,総文字数（改行・スペース含む）,文字数（改行・スペース除く）
00_はじめに.md,"4,308","4,134"
01_序章.md,"11,309","11,055"
02_第1部_導入.md,"1,209","1,129"
03_第1部_第1章_思考整理術.md,"6,760","6,369"
04_第1部_第1章_ドキュメント作成術.md,"7,131","6,631"
05_第1部_第1章_スキルアップ術.md,"6,807","6,266"
06_第1部_第1章_プレゼン・商談術.md,"6,715","6,328"
07_第1部_第1章_自己実現術.md,"7,029","6,573"
08_第1部_第2章_導入.md,944,902
09_第1部_第2章_チームコミュニケーション術.md,"6,433","6,007"
10_第1部_第2章_プロジェクト管理術.md,"7,640","7,018"
11_第1部_第2章_企画・マーケティング術.md,"6,665","6,275"
12_第1部_第2章_人材開発・育成術.md,"7,331","6,855"
13_第1部_第2章_組織内影響力術.md,"8,041","7,593"
14_第1部_第3章_導入.md,908,862
15_第1部_第3章_経営・事業戦略術.md,"7,678","7,137"
16_第1部_第3章_組織改革・文化醸成術.md,"7,430","6,815"
17_第1部_第3章_全社的生産性向上術.md,"6,090","5,789"
18_第1部_第3章_ブランディング・PR術.md,"9,367","8,733"
19_第1部_第3章_次世代への継承術.md,"6,631","6,314"
20_第2部_第4章_序幕.md,"6,261","6,060"
21_第2部_第5章_共闘.md,"9,300","8,908"
22_第2部_第6章_飛躍.md,"8,123","7,840"
23_第2部_第7章_そして.md,"5,618","5,414"
24_第3部_第8章_初級編.md,"14,382","13,117"
25_第3部_第9章_中級編.md,"8,774","8,150"
26_第3部_第10章_上級編.md,"6,776","6,295"
27_おわりに_巻末付録.md,"3,459","3,327"
【合計】,"189,119","177,896"
